severity,file,line,category,key,detail
review,runtime_overrides_zh.txt,42,译文英文残留,DEBUG CONSOLE [SHIFT + ENTER]\:,"残留英文：SHIFT, ENTER"
review,runtime_overrides_zh.txt,190,原译文相同,Tab,需要确认是专名、按键还是漏翻。
review,runtime_overrides_zh.txt,191,原译文相同,Shift,需要确认是专名、按键还是漏翻。
review,runtime_overrides_zh.txt,197,原译文相同,Esc,需要确认是专名、按键还是漏翻。
review,runtime_plugin_overrides_zh.txt,308,译文英文残留,Hire Esty8nine!,"残留英文：Esty, nine"
review,translations_zh.csv,34,CSV 原译文相同,BOSS_Kraken_2,AwoOoO-GyaAa-AaA!!!
review,translations_zh.csv,43,CSV 原译文相同,BOSS_RedDragon_2,GrRr-RoO-ARrRrR!
review,translations_zh.csv,495,CSV 英文残留,Dev_Message_2,"残留英文：Into, the, Abyss"
review,translations_zh.csv,532,CSV 原译文相同,BOSS_Book_Golem_2,BZ-Z-z-AGu-rGya-gya!
review,translations_zh.csv,538,CSV 原译文相同,BOSS_Ice_Dragon_2,SHiRr-iRoO-ARrIiRriR!
review,translations_zh.csv,555,CSV 原译文相同,BOSS_Arcane_Golem_3,ZIMmM-AWEio-MaEWOoa!
review,translations_zh.csv,558,CSV 原译文相同,BOSS_The_Abomination_2,RAaaAghH-RAaa-GrRRRr!!!!!!!
review,translations_zh.csv,853,CSV 原译文相同,Boss_Bahamut_8,VRuRrRr-RroOu-AORrrRrR!
review,translations_zh.csv,869,CSV 原译文相同,BOSS_Tiamat_8,KrAaAa-RraAa-AARrrRrR!
review,translations_zh.csv,886,CSV 原译文相同,BOSS_Geryon_8,SkRrEeEa-AaAa-AARrrRrR!
review,translations_zh.csv,1065,CSV 英文残留,AUTO_RESOURCES_ASSETS_7E8315,"残留英文：nbWNB, ER"
review,translations_zh.csv,1066,CSV 英文残留,AUTO_RESOURCES_ASSETS_7ED066,"残留英文：wl, ZPD, GKMQQQQQQQQQQQQQQQQQQ"
review,translations_zh.csv,1067,CSV 原译文相同,AUTO_RESOURCES_ASSETS_7EDC64,xm`UKA8-?KXcnsxxxxxxxxxxxxxxxxxxxxxxx}
review,translations_zh.csv,1067,CSV 英文残留,AUTO_RESOURCES_ASSETS_7EDC64,"残留英文：xm, UKA, KXcnsxxxxxxxxxxxxxxxxxxxxxxx"
review,translations_zh.csv,1068,CSV 英文残留,AUTO_RESOURCES_ASSETS_7F2063,"残留英文：zm, VLA, EIKNNNNNNNNNNNNNNNNNNNNNNPNNNNNNNNNNNNNNNNHFB"
review,translations_zh.csv,1069,CSV 原译文相同,AUTO_RESOURCES_ASSETS_7F31C7,"sfZOUT\`cgikfmmmgkjhfb`\TSPID?8/'"""
review,translations_zh.csv,1069,CSV 英文残留,AUTO_RESOURCES_ASSETS_7F31C7,"残留英文：sfZOUT, cgikfmmmgkjhfb, TSPID"
review,translations_zh.csv,1070,CSV 英文残留,AUTO_RESOURCES_ASSETS_801E9D,"残留英文：DNTW, adgjgmnoooponmmfdbZPE"
review,translations_zh.csv,1071,CSV 原译文相同,AUTO_RESOURCES_ASSETS_803CAC,"""(.49@ELRV^ainmh^WND?8/-,(#(+/8ALVan{"
review,translations_zh.csv,1071,CSV 英文残留,AUTO_RESOURCES_ASSETS_803CAC,"残留英文：ELRV, ainmh, WND, ALVan"
review,translations_zh.csv,1072,CSV 英文残留,AUTO_RESOURCES_ASSETS_803F71,"残留英文：uqmgeb, TUSPIJHFB"
review,translations_zh.csv,1073,CSV 原译文相同,AUTO_RESOURCES_ASSETS_804370,unid`]UUSQJKHFD?>;:6154*
review,translations_zh.csv,1073,CSV 英文残留,AUTO_RESOURCES_ASSETS_804370,"残留英文：unid, UUSQJKHFD"
review,translations_zh.csv,1074,CSV 原译文相同,AUTO_RESOURCES_ASSETS_80476F,vma^WTQKIFD@>;973-.06:AENT\`edbZPF<1'
review,translations_zh.csv,1074,CSV 英文残留,AUTO_RESOURCES_ASSETS_80476F,"残留英文：vma, WTQKIFD, AENT, edbZPF"
review,translations_zh.csv,1075,CSV 原译文相同,AUTO_RESOURCES_ASSETS_804DBB,"""'-37:AFGJPSUX[S[``aaba``\T[YVSQKFD?8/*%"
review,translations_zh.csv,1075,CSV 英文残留,AUTO_RESOURCES_ASSETS_804DBB,"残留英文：AFGJPSUX, aaba, YVSQKFD"
review,translations_zh.csv,1076,CSV 原译文相同,AUTO_RESOURCES_ASSETS_81A7A4,'+./444444444444444444444446AMV`mx
review,translations_zh.csv,1076,CSV 英文残留,AUTO_RESOURCES_ASSETS_81A7A4,"残留英文：AMV, mx"
review,translations_zh.csv,1077,CSV 英文残留,AUTO_RESOURCES_ASSETS_81ABA3,"残留英文：DP, fp"
review,translations_zh.csv,1078,CSV 原译文相同,AUTO_RESOURCES_ASSETS_822280,'/3;BFHLRTT\`cgjnrmg\QE??@@AA@DFJPXalv
review,translations_zh.csv,1078,CSV 英文残留,AUTO_RESOURCES_ASSETS_822280,"残留英文：BFHLRTT, cgjnrmg, QE, AA, DFJPXalv"
review,translations_zh.csv,1079,CSV 原译文相同,AUTO_RESOURCES_ASSETS_82DA8A,"""+27>CKQSV^adgjhmnoonmlejifc`\UTRLFA;5/'"
review,translations_zh.csv,1079,CSV 英文残留,AUTO_RESOURCES_ASSETS_82DA8A,"残留英文：CKQSV, adgjhmnoonmlejifc, UTRLFA"
review,translations_zh.csv,1080,CSV 原译文相同,AUTO_RESOURCES_ASSETS_82DE8B,'+09@EFMRTW[V^aabba``[S\YVSQKGEA:60)$
review,translations_zh.csv,1080,CSV 英文残留,AUTO_RESOURCES_ASSETS_82DE8B,"残留英文：EFMRTW, aabba, YVSQKGEA"
review,translations_zh.csv,1081,CSV 原译文相同,AUTO_RESOURCES_ASSETS_8317B6,sfZMMRTV]`bdffgffeca`[TTRMFD?8/*%
review,translations_zh.csv,1081,CSV 英文残留,AUTO_RESOURCES_ASSETS_8317B6,"残留英文：sfZMMRTV, bdffgffeca, TTRMFD"
review,translations_zh.csv,1082,CSV 原译文相同,AUTO_RESOURCES_ASSETS_849E10,{nb[[[[[[[[[[[[[[[[[[[[[[[[[[[[XVQI?4)
review,translations_zh.csv,1082,CSV 英文残留,AUTO_RESOURCES_ASSETS_849E10,"残留英文：nb, XVQI"
review,translations_zh.csv,1083,CSV 英文残留,AUTO_RESOURCES_ASSETS_84A210,"残留英文：nhhhhhhhhhhhhhhhhhhhhhhhhhhhh, QE"
review,translations_zh.csv,1084,CSV 原译文相同,AUTO_RESOURCES_ASSETS_84B70B,(4?JT\`gfmnoqqpoonhigc`\TSMD@90*!
review,translations_zh.csv,1084,CSV 英文残留,AUTO_RESOURCES_ASSETS_84B70B,"残留英文：JT, gfmnoqqpoonhigc, TSMD"
review,translations_zh.csv,1085,CSV 英文残留,AUTO_RESOURCES_ASSETS_84E210,"残留英文：njjjjjjjjjjjjjjjjjjjjjjjjjjjjfc, RG"
review,translations_zh.csv,1086,CSV 原译文相同,AUTO_RESOURCES_ASSETS_84EC83,'.48?DFIMRTWY\T[``aa`\T\ZWTSMGFB;72+&
review,translations_zh.csv,1086,CSV 英文残留,AUTO_RESOURCES_ASSETS_84EC83,"残留英文：DFIMRTWY, aa, ZWTSMGFB"
review,translations_zh.csv,1087,CSV 英文残留,AUTO_RESOURCES_ASSETS_85019A,"残留英文：FQ, belllllllllllllllllldaZPE"
review,translations_zh.csv,1088,CSV 原译文相同,AUTO_RESOURCES_ASSETS_85F908,(4>HPVX[[[[[[[[[[[[[[[[[[[[[[[[[[[U`jr
review,translations_zh.csv,1088,CSV 英文残留,AUTO_RESOURCES_ASSETS_85F908,"残留英文：HPVX, jr"
review,translations_zh.csv,1089,CSV 原译文相同,AUTO_RESOURCES_ASSETS_85FC23,"""(-17:;BFHLRTU]`ddaZPC9/.5>EMSZahms{"
review,translations_zh.csv,1089,CSV 英文残留,AUTO_RESOURCES_ASSETS_85FC23,"残留英文：BFHLRTU, ddaZPC, EMSZahms"
review,translations_zh.csv,1090,CSV 原译文相同,AUTO_RESOURCES_ASSETS_86119A,"(2=FQ[dnsuuuuuuuuuuuuuuuutmf\QE8,"
review,translations_zh.csv,1090,CSV 英文残留,AUTO_RESOURCES_ASSETS_86119A,"残留英文：FQ, dnsuuuuuuuuuuuuuuuutmf, QE"
review,translations_zh.csv,1091,CSV 原译文相同,AUTO_RESOURCES_ASSETS_8648CA,'.4:AEIPSVV]`defgiiihgfda^VWSPJEA:4/'
review,translations_zh.csv,1091,CSV 英文残留,AUTO_RESOURCES_ASSETS_8648CA,"残留英文：AEIPSVV, defgiiihgfda, VWSPJEA"
review,translations_zh.csv,1092,CSV 原译文相同,AUTO_RESOURCES_ASSETS_86599F,"""'5=AIPT[`bfgmnoppomhhd`]URLD?8/'"
review,translations_zh.csv,1092,CSV 英文残留,AUTO_RESOURCES_ASSETS_86599F,"残留英文：AIPT, bfgmnoppomhhd, URLD"
review,translations_zh.csv,1093,CSV 原译文相同,AUTO_RESOURCES_ASSETS_86682F,(/5:AFGNSUYV^acdeefeedca^VYVSPJGC<60)$
review,translations_zh.csv,1093,CSV 英文残留,AUTO_RESOURCES_ASSETS_86682F,"残留英文：AFGNSUYV, acdeefeedca, VYVSPJGC"
review,translations_zh.csv,1094,CSV 英文残留,AUTO_RESOURCES_ASSETS_8F1229,"残留英文：NA, AN, ht"
review,translations_zh.csv,1095,CSV 原译文相同,AUTO_RESOURCES_ASSETS_90DB02,(18>BCFFFFFFFFFFFFFFFF;:68;=FFFFF>=94-$
review,translations_zh.csv,1095,CSV 英文残留,AUTO_RESOURCES_ASSETS_90DB02,"残留英文：BCFFFFFFFFFFFFFFFF, FFFFF"
review,translations_zh.csv,1096,CSV 英文残留,AUTO_RESOURCES_ASSETS_937AF1,"残留英文：yldddddddddddddddddddddddd, UKSPNIB"
review,translations_zh.csv,1097,CSV 原译文相同,AUTO_RESOURCES_ASSETS_93E6F7,"th[NE<ER]hmssssspk`TH;/"""
review,translations_zh.csv,1097,CSV 英文残留,AUTO_RESOURCES_ASSETS_93E6F7,"残留英文：th, NE, ER, hmssssspk, TH"
review,translations_zh.csv,1098,CSV 英文残留,AUTO_RESOURCES_ASSETS_93E725,"残留英文：HT, kotttttttttttttttttttttttttt"
review,translations_zh.csv,1099,CSV 原译文相同,AUTO_RESOURCES_ASSETS_97D27E,sf[[[[[[[[[[[[[[[[[[[[[[[[[[[[[[[[[[an{
review,translations_zh.csv,1099,CSV 英文残留,AUTO_RESOURCES_ASSETS_97D27E,"残留英文：sf, an"
review,translations_zh.csv,1100,CSV 原译文相同,AUTO_RESOURCES_ASSETS_980A7E,sfYL@9999999999999999999999999999;HTan{
review,translations_zh.csv,1100,CSV 英文残留,AUTO_RESOURCES_ASSETS_980A7E,"残留英文：sfYL, HTan"
review,translations_zh.csv,1101,CSV 英文残留,AUTO_RESOURCES_ASSETS_980E7E,"残留英文：sfYL, HTan"
review,translations_zh.csv,1102,CSV 英文残留,AUTO_RESOURCES_ASSETS_98127E,"残留英文：sfYL, HTan"
review,translations_zh.csv,1103,CSV 英文残留,AUTO_RESOURCES_ASSETS_981A7E,"残留英文：sfYL, HTan"
review,translations_zh.csv,1104,CSV 英文残留,AUTO_RESOURCES_ASSETS_981E7E,"残留英文：sfYL, HTan"
review,translations_zh.csv,1105,CSV 英文残留,AUTO_RESOURCES_ASSETS_98227E,"残留英文：sfYL, HTan"
review,translations_zh.csv,1107,CSV 英文残留,AUTO_RESOURCES_ASSETS_98A694,"残留英文：yl, SF"
review,translations_zh.csv,1108,CSV 原译文相同,AUTO_RESOURCES_ASSETS_9972B9,'2=GOTVVVVVUSME<1.9CKQSVVVVVTSME;1%
review,translations_zh.csv,1108,CSV 英文残留,AUTO_RESOURCES_ASSETS_9972B9,"残留英文：GOTVVVVVUSME, CKQSVVVVVTSME"
review,translations_zh.csv,1109,CSV 原译文相同,AUTO_RESOURCES_ASSETS_9A9B35,"""-6>EIKSSSSSIHD=5+.7@FKLSSSSSHFB;3)"
review,translations_zh.csv,1109,CSV 英文残留,AUTO_RESOURCES_ASSETS_9A9B35,"残留英文：EIKSSSSSIHD, FKLSSSSSHFB"
review,translations_zh.csv,1110,CSV 原译文相同,AUTO_RESOURCES_ASSETS_9B0A2D,(18>BCFFFFFFFFFF@>;:?CEFFFFFFFFFF>=94-$
review,translations_zh.csv,1110,CSV 英文残留,AUTO_RESOURCES_ASSETS_9B0A2D,"残留英文：BCFFFFFFFFFF, CEFFFFFFFFFF"
review,translations_zh.csv,1111,CSV 原译文相同,AUTO_RESOURCES_ASSETS_9B32C9,"(5BNZfpvyyyyyyyyyyyyyyyyvi^SF:/,'!"
review,translations_zh.csv,1111,CSV 英文残留,AUTO_RESOURCES_ASSETS_9B32C9,"残留英文：BNZfpvyyyyyyyyyyyyyyyyvi, SF"
review,translations_zh.csv,1112,CSV 英文残留,AUTO_RESOURCES_ASSETS_9B9B41,"残留英文：EFIIIIIIHFB, AEGIIIIIGFA"
review,translations_zh.csv,1113,CSV 英文残留,AUTO_RESOURCES_ASSETS_9C8A95,"残留英文：NA, ER, hmnnnnnmf, PD"
review,translations_zh.csv,1114,CSV 原译文相同,AUTO_RESOURCES_ASSETS_9C8E95,th[NA533333:GT`mz{{{{{xm`SF:-
review,translations_zh.csv,1114,CSV 英文残留,AUTO_RESOURCES_ASSETS_9C8E95,"残留英文：th, NA, GT, mz, xm, SF"
review,translations_zh.csv,1146,CSV 英文残留,AUTO_RESOURCES_ASSETS_A5CCF2,"残留英文：nullCRA, alt, altA, altEuroI, altJ, altK, altM, altN, altO, altQ, altR, altS"
review,translations_zh.csv,1147,CSV 英文残留,AUTO_RESOURCES_ASSETS_A61C07,"残留英文：nullCRA, alt, altA, altEuroI, altJ, altK, altM, altN, altO, altQ, altR, altS"
review,translations_zh.csv,1165,CSV 英文残留,AUTO_RESOURCES_ASSETS_A79647,"残留英文：VeriSign, Inc"
review,translations_zh.csv,1167,CSV 英文残留,AUTO_RESOURCES_ASSETS_A79FFF,"残留英文：ID, Microsoft"
review,translations_zh.csv,1169,CSV 英文残留,AUTO_RESOURCES_ASSETS_A90C5B,"残留英文：nullCRA, alt, altA, altEuroI, altJ, altK, altM, altN, altO, altQ, altR, altS"
review,translations_zh.csv,1170,CSV 英文残留,AUTO_RESOURCES_ASSETS_A9586C,"残留英文：nullCRA, alt, altA, altEuroI, altJ, altK, altM, altN, altO, altQ, altR, altS"
review,translations_zh.csv,1376,CSV 英文残留,AUTO_RESOURCES_ASSETS_1EBB2D8,"残留英文：Jump, NP, Cs"
review,translations_zh.csv,1422,CSV 英文残留,AUTO_RESOURCES_ASSETS_21DC04A,"残留英文：actionName, damage"
review,translations_zh.csv,1792,CSV 英文残留,AUTO_RESOURCES_ASSETS_22236E8,"残留英文：rate, actionName, damage"
review,translations_zh.csv,1865,CSV 英文残留,AUTO_RESOURCES_ASSETS_222A0E8,"残留英文：br, xx"
review,translations_zh.csv,1885,CSV 英文残留,AUTO_RESOURCES_ASSETS_222BD4C,"残留英文：rate, actionName, damage"
review,translations_zh.csv,1899,CSV 英文残留,AUTO_RESOURCES_ASSETS_222D310,"残留英文：actionName, damage"
review,translations_zh.csv,1917,CSV 英文残留,AUTO_RESOURCES_ASSETS_222EFB0,"残留英文：embedEffect, embedTags"
review,translations_zh.csv,1918,CSV 英文残留,AUTO_RESOURCES_ASSETS_222F0F4,"残留英文：embedEffect, embedTags"
review,translations_zh.csv,1925,CSV 英文残留,AUTO_RESOURCES_ASSETS_222F890,"残留英文：rate, actionName, damage"
review,translations_zh.csv,1927,CSV 英文残留,AUTO_RESOURCES_ASSETS_222FAEC,"残留英文：actionName, damage"
review,translations_zh.csv,1932,CSV 英文残留,AUTO_RESOURCES_ASSETS_222FF48,"残留英文：embedEffect, embedTags"
review,translations_zh.csv,1944,CSV 英文残留,AUTO_RESOURCES_ASSETS_22316B8,"残留英文：rate, actionName, damage"
review,translations_zh.csv,1946,CSV 英文残留,AUTO_RESOURCES_ASSETS_2231A68,"残留英文：actionName, damage"
review,translations_zh.csv,1948,CSV 英文残留,AUTO_RESOURCES_ASSETS_2231DD4,"残留英文：actionName, damage"
review,translations_zh.csv,1964,CSV 英文残留,AUTO_RESOURCES_ASSETS_2233360,"残留英文：rate, actionName, damage"
review,translations_zh.csv,1992,CSV 英文残留,AUTO_RESOURCES_ASSETS_2237850,"残留英文：rate, damage, actionName"
review,translations_zh.csv,2018,CSV 英文残留,AUTO_RESOURCES_ASSETS_223AE24,"残留英文：chance, actionName, damage"
review,translations_zh.csv,2023,CSV 英文残留,AUTO_RESOURCES_ASSETS_223B618,"残留英文：Edens, Touch"
review,translations_zh.csv,2030,CSV 英文残留,AUTO_RESOURCES_ASSETS_223C3F4,"残留英文：chance, actionName, damage"
review,translations_zh.csv,2034,CSV 英文残留,AUTO_RESOURCES_ASSETS_223CF24,"残留英文：chance, actionName, damage"
review,translations_zh.csv,2040,CSV 英文残留,AUTO_RESOURCES_ASSETS_223DE00,"残留英文：actionName, damage"
review,translations_zh.csv,2043,CSV 英文残留,AUTO_RESOURCES_ASSETS_223E770,"残留英文：tallyThreshold, actionName, damage"
review,translations_zh.csv,2060,CSV 英文残留,AUTO_RESOURCES_ASSETS_2240504,"残留英文：tallyThreshold, embedEffect, embedTags"
review,translations_zh.csv,2102,CSV 英文残留,AUTO_RESOURCES_ASSETS_22441B4,"残留英文：rate, actionName, damage"
review,translations_zh.csv,2120,CSV 英文残留,AUTO_RESOURCES_ASSETS_22457E4,"残留英文：chance, actionName, damage"
review,translations_zh.csv,2129,CSV 英文残留,AUTO_RESOURCES_ASSETS_2246970,"残留英文：xx, xx"
review,translations_zh.csv,2130,CSV 英文残留,AUTO_RESOURCES_ASSETS_22469CC,"残留英文：xx, xx"
review,translations_zh.csv,2145,CSV 英文残留,AUTO_RESOURCES_ASSETS_2248050,"残留英文：br, xx"
review,translations_zh.csv,2178,CSV 英文残留,AUTO_RESOURCES_ASSETS_224BBB8,"残留英文：chance, actionName, damage"
review,translations_zh.csv,2191,CSV 英文残留,AUTO_RESOURCES_ASSETS_224D0F4,"残留英文：embedEffect, embedTags"
review,translations_zh.csv,2194,CSV 英文残留,AUTO_RESOURCES_ASSETS_224D460,"残留英文：chance, actionName, damage"
review,translations_zh.csv,2200,CSV 英文残留,AUTO_RESOURCES_ASSETS_224E284,"残留英文：chance, actionName, damage"
review,translations_zh.csv,2223,CSV 英文残留,AUTO_RESOURCES_ASSETS_2250D0C,"残留英文：chance, actionName, damage"
review,translations_zh.csv,2260,CSV 英文残留,AUTO_RESOURCES_ASSETS_2254B94,"残留英文：tallyThreshold, actionName, damage"
review,translations_zh.csv,2266,CSV 英文残留,AUTO_RESOURCES_ASSETS_22556DC,"残留英文：xx, br"
review,translations_zh.csv,2267,CSV 英文残留,AUTO_RESOURCES_ASSETS_2255708,"残留英文：xx, br"
review,translations_zh.csv,2270,CSV 英文残留,AUTO_RESOURCES_ASSETS_2255974,"残留英文：br, xx"
review,translations_zh.csv,2320,CSV 英文残留,AUTO_RESOURCES_ASSETS_225C144,"残留英文：embedEffect, embedTags"
review,translations_zh.csv,2342,CSV 英文残留,AUTO_RESOURCES_ASSETS_225E17C,"残留英文：rate, actionName, damage"
review,translations_zh.csv,2351,CSV 英文残留,AUTO_RESOURCES_ASSETS_225EE30,"残留英文：chance, actionName, damage"
review,translations_zh.csv,2355,CSV 英文残留,AUTO_RESOURCES_ASSETS_225F196,"残留英文：xx, br"
review,translations_zh.csv,2356,CSV 英文残留,AUTO_RESOURCES_ASSETS_225F206,"残留英文：xx, br"
review,translations_zh.csv,2374,CSV 英文残留,AUTO_RESOURCES_ASSETS_2260B7C,"残留英文：br, xx"
review,translations_zh.csv,2376,CSV 英文残留,AUTO_RESOURCES_ASSETS_2260E54,"残留英文：actionName, damage"
review,translations_zh.csv,2392,CSV 英文残留,AUTO_RESOURCES_ASSETS_2262050,"残留英文：embedEffect, br"
review,translations_zh.csv,2394,CSV 英文残留,AUTO_RESOURCES_ASSETS_2262280,"残留英文：embedEffect, br"
review,translations_zh.csv,2409,CSV 英文残留,AUTO_RESOURCES_ASSETS_2263314,"残留英文：chance, actionName, damage"
review,translations_zh.csv,2419,CSV 英文残留,AUTO_RESOURCES_ASSETS_2264514,"残留英文：tallyThreshold, actionName, damage"
review,translations_zh.csv,2426,CSV 英文残留,AUTO_RESOURCES_ASSETS_2265074,"残留英文：actionName, damage"
review,translations_zh.csv,2433,CSV 英文残留,AUTO_RESOURCES_ASSETS_2265AD4,"残留英文：tallyThreshold, embedEffect, embedTags"
review,translations_zh.csv,2435,CSV 英文残留,AUTO_RESOURCES_ASSETS_22660F0,"残留英文：rate, br"
review,translations_zh.csv,2436,CSV 英文残留,AUTO_RESOURCES_ASSETS_2266248,"残留英文：rate, br"
review,translations_zh.csv,2437,CSV 英文残留,AUTO_RESOURCES_ASSETS_22663A0,"残留英文：rate, br"
review,translations_zh.csv,2441,CSV 英文残留,AUTO_RESOURCES_ASSETS_2266B6C,"残留英文：xx, xx, br"
review,translations_zh.csv,2452,CSV 英文残留,AUTO_RESOURCES_ASSETS_2267AB0,"残留英文：rate, actionName, damage"
review,translations_zh.csv,2480,CSV 英文残留,AUTO_RESOURCES_ASSETS_226A8BC,"残留英文：chance, actionName, damage"
review,translations_zh.csv,2502,CSV 英文残留,AUTO_RESOURCES_ASSETS_226D288,"残留英文：br, all"
review,translations_zh.csv,2507,CSV 英文残留,AUTO_RESOURCES_ASSETS_226DD8C,"残留英文：actionName, damage, br"
review,translations_zh.csv,2513,CSV 英文残留,AUTO_RESOURCES_ASSETS_226E4F0,"残留英文：xx, br"
review,translations_zh.csv,2538,CSV 英文残留,AUTO_RESOURCES_ASSETS_2271030,"残留英文：rate, actionName, damage"
review,translations_zh.csv,2556,CSV 英文残留,AUTO_RESOURCES_ASSETS_2272134,"残留英文：actionName, damage"
review,translations_zh.csv,2591,CSV 英文残留,AUTO_RESOURCES_ASSETS_2274A18,"残留英文：chance, actionName, damage"
review,translations_zh.csv,2593,CSV 英文残留,AUTO_RESOURCES_ASSETS_2274F24,"残留英文：xx, xx"
review,translations_zh.csv,2631,CSV 英文残留,AUTO_RESOURCES_ASSETS_22778A4,"残留英文：br, actionName, damage"
review,translations_zh.csv,2653,CSV 英文残留,AUTO_RESOURCES_ASSETS_22795AC,"残留英文：br, tallyThreshold, actionName, damage"
review,translations_zh.csv,2663,CSV 英文残留,AUTO_RESOURCES_ASSETS_227A318,"残留英文：xx, xx"
review,translations_zh.csv,2666,CSV 英文残留,AUTO_RESOURCES_ASSETS_227AB68,"残留英文：chance, actionName, damage"
review,translations_zh.csv,2673,CSV 英文残留,AUTO_RESOURCES_ASSETS_227B598,"残留英文：br, actionName, damage"
review,translations_zh.csv,2677,CSV 英文残留,AUTO_RESOURCES_ASSETS_227BF40,"残留英文：rate, actionName, damage"
review,translations_zh.csv,2691,CSV 英文残留,AUTO_RESOURCES_ASSETS_227DEAC,"残留英文：tallyThreshold, actionName, damage"
review,translations_zh.csv,2717,CSV 英文残留,AUTO_RESOURCES_ASSETS_2281054,"残留英文：chance, actionName, damage"
review,translations_zh.csv,2724,CSV 英文残留,AUTO_RESOURCES_ASSETS_228189C,"残留英文：chance, actionName, damage"
review,translations_zh.csv,2726,CSV 英文残留,AUTO_RESOURCES_ASSETS_2281E50,"残留英文：chance, actionName, damage"
review,translations_zh.csv,2738,CSV 英文残留,AUTO_RESOURCES_ASSETS_2283FE8,"残留英文：chance, actionName, damage"
review,translations_zh.csv,2739,CSV 英文残留,AUTO_RESOURCES_ASSETS_228424C,"残留英文：chance, actionName, damage"
review,translations_zh.csv,2740,CSV 英文残留,AUTO_RESOURCES_ASSETS_2284450,"残留英文：actionName, damage"
review,translations_zh.csv,2759,CSV 英文残留,AUTO_RESOURCES_ASSETS_2286288,"残留英文：actionName, damage, cooldown"
review,translations_zh.csv,3203,CSV 原译文相同,AUTO_RESOURCES_ASSETS_22E27A4,Your starting Weapon has a Negative Enchantment.
review,translations_zh.csv,3203,CSV 英文残留,AUTO_RESOURCES_ASSETS_22E27A4,"残留英文：Your, starting, Weapon, has, Negative, Enchantment"
review,translations_zh.csv,3208,CSV 原译文相同,AUTO_RESOURCES_ASSETS_22E2A98,You sometimes encounter Rooms filled to the brink with Enemies.
review,translations_zh.csv,3208,CSV 英文残留,AUTO_RESOURCES_ASSETS_22E2A98,"残留英文：You, sometimes, encounter, Rooms, filled, to, the, brink, with, Enemies"
review,translations_zh.csv,3214,CSV 原译文相同,AUTO_RESOURCES_ASSETS_22E2D98,New oppressive Enemy Enchantments can appear.
review,translations_zh.csv,3214,CSV 英文残留,AUTO_RESOURCES_ASSETS_22E2D98,"残留英文：New, oppressive, Enemy, Enchantments, can, appear"
review,translations_zh.csv,3225,CSV 原译文相同,AUTO_RESOURCES_ASSETS_22E31A0,Rooms have a chance to contain an Infested Enemy.
review,translations_zh.csv,3225,CSV 英文残留,AUTO_RESOURCES_ASSETS_22E31A0,"残留英文：Rooms, have, chance, to, contain, an, Infested, Enemy"
review,translations_zh.csv,3236,CSV 原译文相同,AUTO_RESOURCES_ASSETS_22E3784,Defeat Death with 10 different classes.
review,translations_zh.csv,3236,CSV 英文残留,AUTO_RESOURCES_ASSETS_22E3784,"残留英文：Defeat, Death, with, different, classes"
review,translations_zh.csv,3238,CSV 原译文相同,AUTO_RESOURCES_ASSETS_22E38AC,Upgrade a cannon or gun to level 4 without help from equipment items.
review,translations_zh.csv,3238,CSV 英文残留,AUTO_RESOURCES_ASSETS_22E38AC,"残留英文：Upgrade, cannon, or, gun, to, level, without, help, from, equipment, items"
review,translations_zh.csv,3244,CSV 原译文相同,AUTO_RESOURCES_ASSETS_22E3BDC,Have 4 charms equipped at the same time.
review,translations_zh.csv,3244,CSV 英文残留,AUTO_RESOURCES_ASSETS_22E3BDC,"残留英文：Have, charms, equipped, at, the, same, time"
review,translations_zh.csv,3249,CSV 原译文相同,AUTO_RESOURCES_ASSETS_22E3EFC,Requires it being the month of December and having defeated Death at least once.
review,translations_zh.csv,3249,CSV 英文残留,AUTO_RESOURCES_ASSETS_22E3EFC,"残留英文：Requires, it, being, the, month, of, December, and, having, defeated, Death, at"
review,translations_zh.csv,3251,CSV 原译文相同,AUTO_RESOURCES_ASSETS_22E4034,Upgrade a polearm or spear to level 4 without help from equipment items.
review,translations_zh.csv,3251,CSV 英文残留,AUTO_RESOURCES_ASSETS_22E4034,"残留英文：Upgrade, polearm, or, spear, to, level, without, help, from, equipment, items"
review,translations_zh.csv,3259,CSV 原译文相同,AUTO_RESOURCES_ASSETS_22E467C,Defeat Eden in the High Heavens as the Wizard.
review,translations_zh.csv,3259,CSV 英文残留,AUTO_RESOURCES_ASSETS_22E467C,"残留英文：Defeat, Eden, in, the, High, Heavens, as, the, Wizard"
review,translations_zh.csv,3261,CSV 原译文相同,AUTO_RESOURCES_ASSETS_22E47A4,Defeat Amon in the Burning Hells as the Warrior.
review,translations_zh.csv,3261,CSV 英文残留,AUTO_RESOURCES_ASSETS_22E47A4,"残留英文：Defeat, Amon, in, the, Burning, Hells, as, the, Warrior"
review,translations_zh.csv,3263,CSV 原译文相同,AUTO_RESOURCES_ASSETS_22E48C4,Defeat Primal Death in the Shadow Planes as the Doppelganger.
review,translations_zh.csv,3263,CSV 英文残留,AUTO_RESOURCES_ASSETS_22E48C4,"残留英文：Defeat, Primal, Death, in, the, Shadow, Planes, as, the, Doppelganger"
review,translations_zh.csv,3265,CSV 原译文相同,AUTO_RESOURCES_ASSETS_22E49F4,Defeat Bahamut in the High Heavens as the Gunslinger.
review,translations_zh.csv,3265,CSV 英文残留,AUTO_RESOURCES_ASSETS_22E49F4,"残留英文：Defeat, Bahamut, in, the, High, Heavens, as, the, Gunslinger"
review,translations_zh.csv,3267,CSV 原译文相同,AUTO_RESOURCES_ASSETS_22E4B1C,Defeat Bahamut in the High Heavens with the Mystic.
review,translations_zh.csv,3267,CSV 英文残留,AUTO_RESOURCES_ASSETS_22E4B1C,"残留英文：Defeat, Bahamut, in, the, High, Heavens, with, the, Mystic"
review,translations_zh.csv,3269,CSV 原译文相同,AUTO_RESOURCES_ASSETS_22E4C4C,Defeat Amon in the Burning Hells as the Ranger.
review,translations_zh.csv,3269,CSV 英文残留,AUTO_RESOURCES_ASSETS_22E4C4C,"残留英文：Defeat, Amon, in, the, Burning, Hells, as, the, Ranger"
review,translations_zh.csv,3271,CSV 原译文相同,AUTO_RESOURCES_ASSETS_22E4D74,Defeat Tiamat in the Burning Hells as the Soldier.
review,translations_zh.csv,3271,CSV 英文残留,AUTO_RESOURCES_ASSETS_22E4D74,"残留英文：Defeat, Tiamat, in, the, Burning, Hells, as, the, Soldier"
review,translations_zh.csv,3273,CSV 原译文相同,AUTO_RESOURCES_ASSETS_22E4E94,Defeat Eden in the High Heavens as the Pyromancer.
review,translations_zh.csv,3273,CSV 英文残留,AUTO_RESOURCES_ASSETS_22E4E94,"残留英文：Defeat, Eden, in, the, High, Heavens, as, the, Pyromancer"
review,translations_zh.csv,3275,CSV 原译文相同,AUTO_RESOURCES_ASSETS_22E4FB4,Defeat Primal Death in the Shadow Planes as the Deprived.
review,translations_zh.csv,3275,CSV 英文残留,AUTO_RESOURCES_ASSETS_22E4FB4,"残留英文：Defeat, Primal, Death, in, the, Shadow, Planes, as, the, Deprived"
review,translations_zh.csv,3277,CSV 原译文相同,AUTO_RESOURCES_ASSETS_22E50DC,Defeat Amon in the Burning Hells as the Bard.
review,translations_zh.csv,3277,CSV 英文残留,AUTO_RESOURCES_ASSETS_22E50DC,"残留英文：Defeat, Amon, in, the, Burning, Hells, as, the, Bard"
review,translations_zh.csv,3279,CSV 原译文相同,AUTO_RESOURCES_ASSETS_22E51FC,Defeat Eden in the High Heavens as the Cleric.
review,translations_zh.csv,3279,CSV 英文残留,AUTO_RESOURCES_ASSETS_22E51FC,"残留英文：Defeat, Eden, in, the, High, Heavens, as, the, Cleric"
review,translations_zh.csv,3281,CSV 原译文相同,AUTO_RESOURCES_ASSETS_22E532C,Defeat Geryon in the Shadow Planes as the Sorcerer.
review,translations_zh.csv,3281,CSV 英文残留,AUTO_RESOURCES_ASSETS_22E532C,"残留英文：Defeat, Geryon, in, the, Shadow, Planes, as, the, Sorcerer"
review,translations_zh.csv,3283,CSV 原译文相同,AUTO_RESOURCES_ASSETS_22E544C,Defeat Amon in the Burning Hells as the Thief.
review,translations_zh.csv,3283,CSV 英文残留,AUTO_RESOURCES_ASSETS_22E544C,"残留英文：Defeat, Amon, in, the, Burning, Hells, as, the, Thief"
review,translations_zh.csv,3285,CSV 原译文相同,AUTO_RESOURCES_ASSETS_22E5574,Defeat Eden in the High Heavens as the Knight.
review,translations_zh.csv,3285,CSV 英文残留,AUTO_RESOURCES_ASSETS_22E5574,"残留英文：Defeat, Eden, in, the, High, Heavens, as, the, Knight"
review,translations_zh.csv,3287,CSV 原译文相同,AUTO_RESOURCES_ASSETS_22E5694,Defeat Tiamat in the Burning Hells as the Bandit.
review,translations_zh.csv,3287,CSV 英文残留,AUTO_RESOURCES_ASSETS_22E5694,"残留英文：Defeat, Tiamat, in, the, Burning, Hells, as, the, Bandit"
review,translations_zh.csv,3289,CSV 原译文相同,AUTO_RESOURCES_ASSETS_22E57BC,Defeat Primal Death in the Shadow Planes as the Wanderer.
review,translations_zh.csv,3289,CSV 英文残留,AUTO_RESOURCES_ASSETS_22E57BC,"残留英文：Defeat, Primal, Death, in, the, Shadow, Planes, as, the, Wanderer"
review,translations_zh.csv,3291,CSV 原译文相同,AUTO_RESOURCES_ASSETS_22E58EC,Defeat Eden in the High Heavens as the Hero.
review,translations_zh.csv,3291,CSV 英文残留,AUTO_RESOURCES_ASSETS_22E58EC,"残留英文：Defeat, Eden, in, the, High, Heavens, as, the, Hero"
review,translations_zh.csv,3585,CSV 英文残留,AUTO_RESOURCES_ASSETS_2326FC8,"残留英文：Meta, Perk"
review,translations_zh.csv,3619,CSV 英文残留,AUTO_RESOURCES_ASSETS_2328040,"残留英文：Meta, Perk"
review,translations_zh.csv,3646,CSV 英文残留,AUTO_RESOURCES_ASSETS_2328F00,"残留英文：Health, Armor"
review,translations_zh.csv,3648,CSV 英文残留,AUTO_RESOURCES_ASSETS_2329020,"残留英文：Meta, Perk"
review,translations_zh.csv,3906,CSV 英文残留,AUTO_RESOURCES_ASSETS_2343394,"残留英文：xx, xx"
review,translations_zh.csv,3959,CSV 英文残留,AUTO_RESOURCES_ASSETS_2349AD0,"残留英文：xx, Vorpal, Blade"
review,translations_zh.csv,4010,CSV 英文残留,AUTO_RESOURCES_ASSETS_2350FE4,"残留英文：twice, lower"
review,translations_zh.csv,4046,CSV 英文残留,AUTO_RESOURCES_ASSETS_26F3D1C,"残留英文：actionName, damage"
review,translations_zh.csv,4052,CSV 英文残留,AUTO_RESOURCES_ASSETS_26F9AE4,"残留英文：SRDebugger, Other, DockConsoleController, StompyRobot, SRDebugger"
review,translations_zh.csv,4053,CSV 英文残留,AUTO_RESOURCES_ASSETS_26F9C68,"残留英文：anonymous, screenshot"
review,translations_zh.csv,4055,CSV 英文残留,AUTO_RESOURCES_ASSETS_26FC488,"残留英文：Unity, disabled"
review,translations_zh.csv,4060,CSV 英文残留,AUTO_RESOURCES_ASSETS_2703AC8,"残留英文：Stompy, Robot, LTD"
review,translations_zh.csv,4066,CSV 英文残留,AUTO_RESOURCES_ASSETS_2714EDC,"残留英文：SRDebugger, Stompy, Robot, LTD, Icons, www, icons, com"
review,translations_zh.csv,4085,CSV 英文残留,AUTO_RESOURCES_ASSETS_273F45C,"残留英文：rate, actionName, damage"
review,translations_zh.csv,4087,CSV 英文残留,AUTO_RESOURCES_ASSETS_2740A4B,"残留英文：duration, bonus"
review,translations_zh.csv,4091,CSV 英文残留,AUTO_RESOURCES_ASSETS_274E6E4,"残留英文：rate, actionName, damage"
review,translations_zh.csv,4105,CSV 英文残留,AUTO_RESOURCES_ASSETS_27A8EFC,"残留英文：duration, damage"
review,translations_zh.csv,4108,CSV 英文残留,AUTO_RESOURCES_ASSETS_27B8064,"残留英文：rate, actionName, damage"
review,translations_zh.csv,4116,CSV 英文残留,AUTO_RESOURCES_ASSETS_27E88CC,"残留英文：permanent, damage"
review,translations_zh.csv,4120,CSV 英文残留,AUTO_RESOURCES_ASSETS_27E8AC8,"残留英文：debuff, damage"
review,translations_zh.csv,4146,CSV 英文残留,AUTO_RESOURCES_ASSETS_27EC954,"残留英文：duration, damage, tickRate"
review,translations_zh.csv,4149,CSV 英文残留,AUTO_RESOURCES_ASSETS_27ED874,"残留英文：damage, duration"
review,translations_zh.csv,4161,CSV 英文残留,AUTO_RESOURCES_ASSETS_2819858,"残留英文：duration, tickRate, damage"
review,translations_zh.csv,4163,CSV 英文残留,AUTO_RESOURCES_ASSETS_2819A04,"残留英文：duration, damage"
review,translations_zh.csv,4166,CSV 英文残留,AUTO_RESOURCES_ASSETS_2819BDC,"残留英文：duration, damage"
review,translations_zh.csv,4170,CSV 英文残留,AUTO_RESOURCES_ASSETS_2819E48,"残留英文：count, companionName, duration, companionEffect"
review,translations_zh.csv,4173,CSV 英文残留,AUTO_RESOURCES_ASSETS_282A4A4,"残留英文：duration, bonus, damage"
review,translations_zh.csv,4176,CSV 英文残留,AUTO_RESOURCES_ASSETS_282A7CC,"残留英文：companionName, duration, companionEffect"
review,translations_zh.csv,4178,CSV 英文残留,AUTO_RESOURCES_ASSETS_282A944,"残留英文：duration, bonus"
review,translations_zh.csv,4180,CSV 英文残留,AUTO_RESOURCES_ASSETS_28357DC,"残留英文：rate, actionName, damage"
review,translations_zh.csv,4193,CSV 英文残留,AUTO_RESOURCES_ASSETS_284349C,"残留英文：actionName, damage"
review,translations_zh.csv,4195,CSV 英文残留,AUTO_RESOURCES_ASSETS_2843EFA,"残留英文：damage, tickRate"
review,translations_zh.csv,4199,CSV 原译文相同,AUTO_SHAREDASSETS0_ASSETS_23DF94,rrr%rrr%rrr%rrr%qqq.ttt
review,translations_zh.csv,4199,CSV 英文残留,AUTO_SHAREDASSETS0_ASSETS_23DF94,"残留英文：rrr, rrr, rrr, rrr, qqq, ttt"
review,translations_zh.csv,4200,CSV 原译文相同,AUTO_SHAREDASSETS0_ASSETS_23E794,"rrr""rrr&rrr%rrr%qqq.ttt"
review,translations_zh.csv,4200,CSV 英文残留,AUTO_SHAREDASSETS0_ASSETS_23E794,"残留英文：rrr, rrr, rrr, rrr, qqq, ttt"
review,translations_zh.csv,4201,CSV 英文残留,AUTO_SHAREDASSETS0_ASSETS_25C56C,"残留英文：ORO, SOP, TOP, YXR, osl, tuq, trv, qo, HHkO"
review,translations_zh.csv,4202,CSV 原译文相同,AUTO_SHAREDASSETS0_ASSETS_30556C,E:kEJUQDNTJDSSID\YMDsrdDzpnDwsnDnpwC]9
review,translations_zh.csv,4202,CSV 英文残留,AUTO_SHAREDASSETS0_ASSETS_30556C,"残留英文：kEJUQDNTJDSSID, YMDsrdDzpnDwsnDnpwC"
review,translations_zh.csv,4203,CSV 原译文相同,AUTO_SHAREDASSETS0_ASSETS_35C64C,NC_Xqpr:utx<zrs<aGB?S
review,translations_zh.csv,4203,CSV 英文残留,AUTO_SHAREDASSETS0_ASSETS_35C64C,"残留英文：NC, Xqpr, utx, zrs, aGB"
review,translations_zh.csv,4204,CSV 原译文相同,AUTO_SHAREDASSETS0_ASSETS_3803D1,rfiPZS^LS?^QSG^RNS[IDH
review,translations_zh.csv,4204,CSV 英文残留,AUTO_SHAREDASSETS0_ASSETS_3803D1,"残留英文：rfiPZS, LS, QSG, RNS, IDH"
review,translations_zh.csv,4205,CSV 原译文相同,AUTO_SHAREDASSETS0_ASSETS_3B3624,Uho9nrm4mvt4hnw3HErD@;r
review,translations_zh.csv,4205,CSV 英文残留,AUTO_SHAREDASSETS0_ASSETS_3B3624,"残留英文：Uho, nrm, mvt, hnw, HErD"
review,translations_zh.csv,4206,CSV 原译文相同,AUTO_SHAREDASSETS0_ASSETS_3E1277,"noIB!ZSV%]NR%dNL""uCE"
review,translations_zh.csv,4206,CSV 英文残留,AUTO_SHAREDASSETS0_ASSETS_3E1277,"残留英文：noIB, ZSV, NR, dNL, uCE"
review,translations_zh.csv,4207,CSV 英文残留,AUTO_SHAREDASSETS0_ASSETS_613975,"残留英文：nbWNB, ER"
review,translations_zh.csv,4208,CSV 英文残留,AUTO_SHAREDASSETS0_ASSETS_6186C6,"残留英文：wl, ZPD, GKMQQQQQQQQQQQQQQQQQQ"
review,translations_zh.csv,4209,CSV 原译文相同,AUTO_SHAREDASSETS0_ASSETS_6192C4,xm`UKA8-?KXcnsxxxxxxxxxxxxxxxxxxxxxxx}
review,translations_zh.csv,4209,CSV 英文残留,AUTO_SHAREDASSETS0_ASSETS_6192C4,"残留英文：xm, UKA, KXcnsxxxxxxxxxxxxxxxxxxxxxxx"
review,translations_zh.csv,4210,CSV 英文残留,AUTO_SHAREDASSETS0_ASSETS_61D6C3,"残留英文：zm, VLA, EIKNNNNNNNNNNNNNNNNNNNNNNPNNNNNNNNNNNNNNNNHFB"
review,translations_zh.csv,4211,CSV 原译文相同,AUTO_SHAREDASSETS0_ASSETS_61E827,"sfZOUT\`cgikfmmmgkjhfb`\TSPID?8/'"""
review,translations_zh.csv,4211,CSV 英文残留,AUTO_SHAREDASSETS0_ASSETS_61E827,"残留英文：sfZOUT, cgikfmmmgkjhfb, TSPID"
review,translations_zh.csv,4212,CSV 英文残留,AUTO_SHAREDASSETS0_ASSETS_62D4FD,"残留英文：DNTW, adgjgmnoooponmmfdbZPE"
review,translations_zh.csv,4213,CSV 原译文相同,AUTO_SHAREDASSETS0_ASSETS_62F30C,"""(.49@ELRV^ainmh^WND?8/-,(#(+/8ALVan{"
review,translations_zh.csv,4213,CSV 英文残留,AUTO_SHAREDASSETS0_ASSETS_62F30C,"残留英文：ELRV, ainmh, WND, ALVan"
review,translations_zh.csv,4214,CSV 英文残留,AUTO_SHAREDASSETS0_ASSETS_62F5D1,"残留英文：uqmgeb, TUSPIJHFB"
review,translations_zh.csv,4215,CSV 原译文相同,AUTO_SHAREDASSETS0_ASSETS_62F9D0,unid`]UUSQJKHFD?>;:6154*
review,translations_zh.csv,4215,CSV 英文残留,AUTO_SHAREDASSETS0_ASSETS_62F9D0,"残留英文：unid, UUSQJKHFD"
review,translations_zh.csv,4216,CSV 原译文相同,AUTO_SHAREDASSETS0_ASSETS_62FDCF,vma^WTQKIFD@>;973-.06:AENT\`edbZPF<1'
review,translations_zh.csv,4216,CSV 英文残留,AUTO_SHAREDASSETS0_ASSETS_62FDCF,"残留英文：vma, WTQKIFD, AENT, edbZPF"
review,translations_zh.csv,4217,CSV 原译文相同,AUTO_SHAREDASSETS0_ASSETS_63041B,"""'-37:AFGJPSUX[S[``aaba``\T[YVSQKFD?8/*%"
review,translations_zh.csv,4217,CSV 英文残留,AUTO_SHAREDASSETS0_ASSETS_63041B,"残留英文：AFGJPSUX, aaba, YVSQKFD"
review,translations_zh.csv,4218,CSV 原译文相同,AUTO_SHAREDASSETS0_ASSETS_645E04,'+./444444444444444444444446AMV`mx
review,translations_zh.csv,4218,CSV 英文残留,AUTO_SHAREDASSETS0_ASSETS_645E04,"残留英文：AMV, mx"
review,translations_zh.csv,4219,CSV 英文残留,AUTO_SHAREDASSETS0_ASSETS_646203,"残留英文：DP, fp"
review,translations_zh.csv,4220,CSV 原译文相同,AUTO_SHAREDASSETS0_ASSETS_64D8E0,'/3;BFHLRTT\`cgjnrmg\QE??@@AA@DFJPXalv
review,translations_zh.csv,4220,CSV 英文残留,AUTO_SHAREDASSETS0_ASSETS_64D8E0,"残留英文：BFHLRTT, cgjnrmg, QE, AA, DFJPXalv"
review,translations_zh.csv,4221,CSV 原译文相同,AUTO_SHAREDASSETS0_ASSETS_6590EA,"""+27>CKQSV^adgjhmnoonmlejifc`\UTRLFA;5/'"
review,translations_zh.csv,4221,CSV 英文残留,AUTO_SHAREDASSETS0_ASSETS_6590EA,"残留英文：CKQSV, adgjhmnoonmlejifc, UTRLFA"
review,translations_zh.csv,4222,CSV 原译文相同,AUTO_SHAREDASSETS0_ASSETS_6594EB,'+09@EFMRTW[V^aabba``[S\YVSQKGEA:60)$
review,translations_zh.csv,4222,CSV 英文残留,AUTO_SHAREDASSETS0_ASSETS_6594EB,"残留英文：EFMRTW, aabba, YVSQKGEA"
review,translations_zh.csv,4223,CSV 原译文相同,AUTO_SHAREDASSETS0_ASSETS_65CE16,sfZMMRTV]`bdffgffeca`[TTRMFD?8/*%
review,translations_zh.csv,4223,CSV 英文残留,AUTO_SHAREDASSETS0_ASSETS_65CE16,"残留英文：sfZMMRTV, bdffgffeca, TTRMFD"
review,translations_zh.csv,4224,CSV 原译文相同,AUTO_SHAREDASSETS0_ASSETS_671F76,(4>HPVX[[[[[[[[[[[[[[[[[[[[[[[[[[[U`jr
review,translations_zh.csv,4224,CSV 英文残留,AUTO_SHAREDASSETS0_ASSETS_671F76,"残留英文：HPVX, jr"
review,translations_zh.csv,4225,CSV 原译文相同,AUTO_SHAREDASSETS0_ASSETS_675470,{nb[[[[[[[[[[[[[[[[[[[[[[[[[[[[XVQI?4)
review,translations_zh.csv,4225,CSV 英文残留,AUTO_SHAREDASSETS0_ASSETS_675470,"残留英文：nb, XVQI"
review,translations_zh.csv,4226,CSV 英文残留,AUTO_SHAREDASSETS0_ASSETS_675870,"残留英文：nhhhhhhhhhhhhhhhhhhhhhhhhhhhh, QE"
review,translations_zh.csv,4227,CSV 英文残留,AUTO_SHAREDASSETS0_ASSETS_679870,"残留英文：njjjjjjjjjjjjjjjjjjjjjjjjjjjjfc, RG"
review,translations_zh.csv,4228,CSV 原译文相同,AUTO_SHAREDASSETS0_ASSETS_67A6ED,'.4:AEIPSVV]`defgiiihgfda^VWSPJEA:4/'
review,translations_zh.csv,4228,CSV 英文残留,AUTO_SHAREDASSETS0_ASSETS_67A6ED,"残留英文：AEIPSVV, defgiiihgfda, VWSPJEA"
review,translations_zh.csv,4229,CSV 英文残留,AUTO_SHAREDASSETS0_ASSETS_67B7FA,"残留英文：FQ, belllllllllllllllllldaZPE"
review,translations_zh.csv,4230,CSV 原译文相同,AUTO_SHAREDASSETS0_ASSETS_686281,"""(-17:;BFHLRTU]`ddaZPC9/.5>EMSZahms{"
review,translations_zh.csv,4230,CSV 英文残留,AUTO_SHAREDASSETS0_ASSETS_686281,"残留英文：BFHLRTU, ddaZPC, EMSZahms"
review,translations_zh.csv,4231,CSV 原译文相同,AUTO_SHAREDASSETS0_ASSETS_687245,'.48?DFIMRTWY\T[``aa`\T\ZWTSMGFB;72+&
review,translations_zh.csv,4231,CSV 英文残留,AUTO_SHAREDASSETS0_ASSETS_687245,"残留英文：DFIMRTWY, aa, ZWTSMGFB"
review,translations_zh.csv,4232,CSV 原译文相同,AUTO_SHAREDASSETS0_ASSETS_68B645,"""'5=AIPT[`bfgmnoppomhhd`]URLD?8/'"
review,translations_zh.csv,4232,CSV 英文残留,AUTO_SHAREDASSETS0_ASSETS_68B645,"残留英文：AIPT, bfgmnoppomhhd, URLD"
review,translations_zh.csv,4233,CSV 原译文相同,AUTO_SHAREDASSETS0_ASSETS_68C7FA,"(2=FQ[dnsuuuuuuuuuuuuuuuutmf\QE8,"
review,translations_zh.csv,4233,CSV 英文残留,AUTO_SHAREDASSETS0_ASSETS_68C7FA,"残留英文：FQ, dnsuuuuuuuuuuuuuuuutmf, QE"
review,translations_zh.csv,4234,CSV 原译文相同,AUTO_SHAREDASSETS0_ASSETS_68CE8D,(/5:AFGNSUYV^acdeefeedca^VYVSPJGC<60)$
review,translations_zh.csv,4234,CSV 英文残留,AUTO_SHAREDASSETS0_ASSETS_68CE8D,"残留英文：AFGNSUYV, acdeefeedca, VYVSPJGC"
review,translations_zh.csv,4235,CSV 原译文相同,AUTO_SHAREDASSETS0_ASSETS_691275,(4?JT\`gfmnoqqpoonhigc`\TSMD@90*!
review,translations_zh.csv,4235,CSV 英文残留,AUTO_SHAREDASSETS0_ASSETS_691275,"残留英文：JT, gfmnoqqpoonhigc, TSMD"
review,translations_zh.csv,4236,CSV 原译文相同,AUTO_SHAREDASSETS0_ASSETS_6A1B05,zpkb`XTRMJGE@><:84..49@EMSX_b_XOG=2)
review,translations_zh.csv,4236,CSV 英文残留,AUTO_SHAREDASSETS0_ASSETS_6A1B05,"残留英文：zpkb, XTRMJGE, EMSX, XOG"
review,translations_zh.csv,4237,CSV 英文残留,AUTO_SHAREDASSETS0_ASSETS_81C919,"残留英文：NA, AN, ht"
review,translations_zh.csv,4238,CSV 原译文相同,AUTO_SHAREDASSETS0_ASSETS_8391F2,(18>BCFFFFFFFFFFFFFFFF;:68;=FFFFF>=94-$
review,translations_zh.csv,4238,CSV 英文残留,AUTO_SHAREDASSETS0_ASSETS_8391F2,"残留英文：BCFFFFFFFFFFFFFFFF, FFFFF"
review,translations_zh.csv,4239,CSV 英文残留,AUTO_SHAREDASSETS0_ASSETS_8631E1,"残留英文：yldddddddddddddddddddddddd, UKSPNIB"
review,translations_zh.csv,4240,CSV 原译文相同,AUTO_SHAREDASSETS0_ASSETS_869DE7,"th[NE<ER]hmssssspk`TH;/"""
review,translations_zh.csv,4240,CSV 英文残留,AUTO_SHAREDASSETS0_ASSETS_869DE7,"残留英文：th, NE, ER, hmssssspk, TH"
review,translations_zh.csv,4241,CSV 英文残留,AUTO_SHAREDASSETS0_ASSETS_869E15,"残留英文：HT, kotttttttttttttttttttttttttt"
review,translations_zh.csv,4242,CSV 原译文相同,AUTO_SHAREDASSETS0_ASSETS_8A896E,sf[[[[[[[[[[[[[[[[[[[[[[[[[[[[[[[[[[an{
review,translations_zh.csv,4242,CSV 英文残留,AUTO_SHAREDASSETS0_ASSETS_8A896E,"残留英文：sf, an"
review,translations_zh.csv,4243,CSV 原译文相同,AUTO_SHAREDASSETS0_ASSETS_8AC16E,sfYL@9999999999999999999999999999;HTan{
review,translations_zh.csv,4243,CSV 英文残留,AUTO_SHAREDASSETS0_ASSETS_8AC16E,"残留英文：sfYL, HTan"
review,translations_zh.csv,4244,CSV 英文残留,AUTO_SHAREDASSETS0_ASSETS_8AC56E,"残留英文：sfYL, HTan"
review,translations_zh.csv,4245,CSV 英文残留,AUTO_SHAREDASSETS0_ASSETS_8AC96E,"残留英文：sfYL, HTan"
review,translations_zh.csv,4246,CSV 英文残留,AUTO_SHAREDASSETS0_ASSETS_8AD16E,"残留英文：sfYL, HTan"
review,translations_zh.csv,4247,CSV 英文残留,AUTO_SHAREDASSETS0_ASSETS_8AD56E,"残留英文：sfYL, HTan"
review,translations_zh.csv,4248,CSV 英文残留,AUTO_SHAREDASSETS0_ASSETS_8AD96E,"残留英文：sfYL, HTan"
review,translations_zh.csv,4250,CSV 英文残留,AUTO_SHAREDASSETS0_ASSETS_8B5D84,"残留英文：yl, SF"
review,translations_zh.csv,4251,CSV 原译文相同,AUTO_SHAREDASSETS0_ASSETS_8C29A9,'2=GOTVVVVVUSME<1.9CKQSVVVVVTSME;1%
review,translations_zh.csv,4251,CSV 英文残留,AUTO_SHAREDASSETS0_ASSETS_8C29A9,"残留英文：GOTVVVVVUSME, CKQSVVVVVTSME"
review,translations_zh.csv,4252,CSV 英文残留,AUTO_SHAREDASSETS0_ASSETS_8C3283,"残留英文：xk, QECCCCCCC, JVblqtttttodYL"
review,translations_zh.csv,4253,CSV 原译文相同,AUTO_SHAREDASSETS0_ASSETS_8C3683,xk^QPPPPPPPGFA;2.:EPZbehhhhhd]SH<0$
review,translations_zh.csv,4253,CSV 英文残留,AUTO_SHAREDASSETS0_ASSETS_8C3683,"残留英文：xk, QPPPPPPPGFA, EPZbehhhhhd, SH"
review,translations_zh.csv,4254,CSV 英文残留,AUTO_SHAREDASSETS0_ASSETS_8C3A83,"残留英文：xk, TRLD, IQWY, ZTLB"
review,translations_zh.csv,4255,CSV 原译文相同,AUTO_SHAREDASSETS0_ASSETS_8C3E83,xkiiiiiiiiia^VLA6:FQ[cfiiiiif^TI>2&
review,translations_zh.csv,4255,CSV 英文残留,AUTO_SHAREDASSETS0_ASSETS_8C3E83,"残留英文：xkiiiiiiiiia, VLA, FQ, cfiiiiif, TI"
review,translations_zh.csv,4256,CSV 原译文相同,AUTO_SHAREDASSETS0_ASSETS_8DC11D,(18>BCFFFFFFFFFF@>;:?CEFFFFFFFFFF>=94-$
review,translations_zh.csv,4256,CSV 英文残留,AUTO_SHAREDASSETS0_ASSETS_8DC11D,"残留英文：BCFFFFFFFFFF, CEFFFFFFFFFF"
review,translations_zh.csv,4257,CSV 原译文相同,AUTO_SHAREDASSETS0_ASSETS_8DE9B9,"(5BNZfpvyyyyyyyyyyyyyyyyvi^SF:/,'!"
review,translations_zh.csv,4257,CSV 英文残留,AUTO_SHAREDASSETS0_ASSETS_8DE9B9,"残留英文：BNZfpvyyyyyyyyyyyyyyyyvi, SF"
review,translations_zh.csv,4258,CSV 原译文相同,AUTO_SHAREDASSETS0_ASSETS_8F0E63,'2=GOTVYYYYYTRLC:/6@JRXZ^^^^^\VND:.#
review,translations_zh.csv,4258,CSV 英文残留,AUTO_SHAREDASSETS0_ASSETS_8F0E63,"残留英文：GOTVYYYYYTRLC, JRXZ, VND"
review,translations_zh.csv,4259,CSV 原译文相同,AUTO_SHAREDASSETS0_ASSETS_8F1662,"""/;HT`kpsssssmh]RE92%"
review,translations_zh.csv,4259,CSV 英文残留,AUTO_SHAREDASSETS0_ASSETS_8F1662,"残留英文：HT, kpsssssmh, RE"
review,translations_zh.csv,4260,CSV 英文残留,AUTO_SHAREDASSETS0_ASSETS_8F366A,"残留英文：snnnnmf, PD, FR, hmnnnnni, SF"
review,translations_zh.csv,4261,CSV 原译文相同,AUTO_SHAREDASSETS0_ASSETS_8F3A6A,sfaaa`\TJ?45ALV^aaaaaa^WMB6*
review,translations_zh.csv,4261,CSV 英文残留,AUTO_SHAREDASSETS0_ASSETS_8F3A6A,"残留英文：sfaaa, TJ, ALV, aaaaaa, WMB"
review,translations_zh.csv,4262,CSV 英文残留,AUTO_SHAREDASSETS0_ASSETS_8F4185,"残留英文：NA, ER, hmnnnnnmf, PD"
review,translations_zh.csv,4263,CSV 原译文相同,AUTO_SHAREDASSETS0_ASSETS_8F4585,th[NA533333:GT`mz{{{{{xm`SF:-
review,translations_zh.csv,4263,CSV 英文残留,AUTO_SHAREDASSETS0_ASSETS_8F4585,"残留英文：th, NA, GT, mz, xm, SF"
review,translations_zh.csv,4264,CSV 原译文相同,AUTO_SHAREDASSETS0_ASSETS_9E8297,"""-6>EIKSSSSSIHD=5+.7@FKLSSSSSHFB;3)"
review,translations_zh.csv,4264,CSV 英文残留,AUTO_SHAREDASSETS0_ASSETS_9E8297,"残留英文：EIKSSSSSIHD, FKLSSSSSHFB"
review,translations_zh.csv,4265,CSV 英文残留,AUTO_SHAREDASSETS0_ASSETS_9F82A3,"残留英文：EFIIIIIIHFB, AEGIIIIIGFA"
review,translations_zh.csv,4297,CSV 英文残留,AUTO_SHAREDASSETS0_ASSETS_A3FAC2,"残留英文：Deepak, Singh, Dogra, RenogareRegular, UKWN, Renogare-RegularRenogare, RegularVersion, PS, hotconv, makeotf, lib, Renogare-RegularDeepak"
review,translations_zh.csv,4298,CSV 英文残留,AUTO_SHAREDASSETS0_ASSETS_A403EF,"残留英文：EuronotequallessequalgreaterequalCRNULLuni, uni, uni, uni, ADaogonekAogonekcacuteCacuteZdotaccenteogonekEogonekNacuteSacutezacuteZacutenacutesacuteIdota, ccentzdotaccentGbrevescedillagbreveScedillauhungarumlautUhungarumlautohungarumlautdcroatDcroatTcaronOhungarumlauttcaronlcaronLcaronRacuteRcaronrcaronAbreveracu, teabreveLacutelacuteCcaronNcaronecaronDcaronccaronEcaronncaronUringuringuni, emacronEmacrondcaronEdotaccentuni, amacronAmacroniogonekedotaccentIogonekuni, uni, imacronImacronuni, u"
review,translations_zh.csv,4300,CSV 原译文相同,AUTO_SHAREDASSETS0_ASSETS_1582724,FontForge 2.0 : Unifont : 1-7-2014
review,translations_zh.csv,4300,CSV 英文残留,AUTO_SHAREDASSETS0_ASSETS_1582724,"残留英文：FontForge, Unifont"
review,translations_zh.csv,4301,CSV 英文残留,AUTO_SHAREDASSETS0_ASSETS_162DB6A,"残留英文：Google, Corporation"
review,translations_zh.csv,4302,CSV 英文残留,AUTO_SHAREDASSETS0_ASSETS_162DDDB,"残留英文：Liberation, Red, Hat, Inc"
review,translations_zh.csv,4303,CSV 英文残留,AUTO_SHAREDASSETS0_ASSETS_162E196,"残留英文：Arimo, Steve, Matteson, Arial"
review,translations_zh.csv,4535,CSV 英文残留,AUTO_LEVEL0_34C74,"残留英文：Shift, Enter"
review,translations_zh.csv,4601,CSV 英文残留,AUTO_LEVEL1_46FCC,"残留英文：Lorem, ipsum, lorem"
review,translations_zh.csv,4762,CSV 英文残留,AUTO_LEVEL2_5D0F4,"残留英文：Orcus, Nitwit"
review,translations_zh.csv,4793,CSV 原译文相同,AUTO_GLOBAL-METADATA_DAT_23254,(*)+{0} {1}
review,translations_zh.csv,4795,CSV 原译文相同,AUTO_GLOBAL-METADATA_DAT_2329C,(*)+{0}/{1} {2}
review,translations_zh.csv,4796,CSV 原译文相同,AUTO_GLOBAL-METADATA_DAT_232C1,(*)+{0}/{1} {2}
review,translations_zh.csv,4797,CSV 原译文相同,AUTO_GLOBAL-METADATA_DAT_232E6,(*)+{0}/{1} {2}
review,translations_zh.csv,4798,CSV 原译文相同,AUTO_GLOBAL-METADATA_DAT_23310,(*)+{0}/{1} {2}
review,translations_zh.csv,4799,CSV 原译文相同,AUTO_GLOBAL-METADATA_DAT_23335,(*)+{0}/{1} {2}
review,translations_zh.csv,4800,CSV 原译文相同,AUTO_GLOBAL-METADATA_DAT_2335A,(*)+{0}/{1} {2}
review,translations_zh.csv,4801,CSV 原译文相同,AUTO_GLOBAL-METADATA_DAT_2337E,(*)+{0}/{1} {2}
review,translations_zh.csv,4802,CSV 原译文相同,AUTO_GLOBAL-METADATA_DAT_233A4,(*)+{0}/{1} {2}
review,translations_zh.csv,4805,CSV 原译文相同,AUTO_GLOBAL-METADATA_DAT_23464,({0}/1 {1})
review,translations_zh.csv,4890,CSV 英文残留,AUTO_GLOBAL-METADATA_DAT_2A0F5,"残留英文：Entity, Notation"
review,translations_zh.csv,4892,CSV 英文残留,AUTO_GLOBAL-METADATA_DAT_2A36F,"残留英文：maxInclusive, maxExclusive"
review,translations_zh.csv,4893,CSV 英文残留,AUTO_GLOBAL-METADATA_DAT_2A3C1,"残留英文：minInclusive, minExclusive"
review,translations_zh.csv,4896,CSV 英文残留,AUTO_GLOBAL-METADATA_DAT_2AB95,"残留英文：encoding, ResetState"
review,translations_zh.csv,4911,CSV 原译文相同,AUTO_GLOBAL-METADATA_DAT_2BCB3,(chance)
review,translations_zh.csv,4912,CSV 原译文相同,AUTO_GLOBAL-METADATA_DAT_2BD0F,(cooldown)
review,translations_zh.csv,4913,CSV 原译文相同,AUTO_GLOBAL-METADATA_DAT_2BD72,(damage)
review,translations_zh.csv,4915,CSV 原译文相同,AUTO_GLOBAL-METADATA_DAT_2FE4E,
review,translations_zh.csv,4916,CSV 原译文相同,AUTO_GLOBAL-METADATA_DAT_2FE9C,
review,translations_zh.csv,4917,CSV 原译文相同,AUTO_GLOBAL-METADATA_DAT_2FEDB,
review,translations_zh.csv,4919,CSV 原译文相同,AUTO_GLOBAL-METADATA_DAT_2FF14,
review,translations_zh.csv,4920,CSV 原译文相同,AUTO_GLOBAL-METADATA_DAT_2FF2E,
review,translations_zh.csv,4921,CSV 原译文相同,AUTO_GLOBAL-METADATA_DAT_3008B,
review,translations_zh.csv,4923,CSV 原译文相同,AUTO_GLOBAL-METADATA_DAT_3009E,
review,translations_zh.csv,4924,CSV 原译文相同,AUTO_GLOBAL-METADATA_DAT_300A6,
review,translations_zh.csv,4925,CSV 原译文相同,AUTO_GLOBAL-METADATA_DAT_3026E,
review,translations_zh.csv,4926,CSV 原译文相同,AUTO_GLOBAL-METADATA_DAT_3029F,
review,translations_zh.csv,4927,CSV 原译文相同,AUTO_GLOBAL-METADATA_DAT_303C3,
review,translations_zh.csv,4928,CSV 原译文相同,AUTO_GLOBAL-METADATA_DAT_303D5,
review,translations_zh.csv,4937,CSV 原译文相同,AUTO_GLOBAL-METADATA_DAT_321F8,
review,translations_zh.csv,4939,CSV 原译文相同,AUTO_GLOBAL-METADATA_DAT_32246,
review,translations_zh.csv,4940,CSV 原译文相同,AUTO_GLOBAL-METADATA_DAT_32267,
review,translations_zh.csv,4942,CSV 原译文相同,AUTO_GLOBAL-METADATA_DAT_3234B,
review,translations_zh.csv,4944,CSV 原译文相同,AUTO_GLOBAL-METADATA_DAT_3239E,
review,translations_zh.csv,4945,CSV 原译文相同,AUTO_GLOBAL-METADATA_DAT_323EF,
review,translations_zh.csv,4946,CSV 原译文相同,AUTO_GLOBAL-METADATA_DAT_32417,
review,translations_zh.csv,4947,CSV 原译文相同,AUTO_GLOBAL-METADATA_DAT_3242D,
review,translations_zh.csv,4950,CSV 原译文相同,AUTO_GLOBAL-METADATA_DAT_324C1,
review,translations_zh.csv,4951,CSV 原译文相同,AUTO_GLOBAL-METADATA_DAT_324EF,
review,translations_zh.csv,4952,CSV 原译文相同,AUTO_GLOBAL-METADATA_DAT_32503,
review,translations_zh.csv,4953,CSV 原译文相同,AUTO_GLOBAL-METADATA_DAT_32557,
review,translations_zh.csv,4954,CSV 原译文相同,AUTO_GLOBAL-METADATA_DAT_3256C,
review,translations_zh.csv,4955,CSV 原译文相同,AUTO_GLOBAL-METADATA_DAT_3259A,
review,translations_zh.csv,4956,CSV 英文残留,AUTO_GLOBAL-METADATA_DAT_32C5E,"残留英文：WaitHandle, WaitHandle"
review,translations_zh.csv,4958,CSV 英文残留,AUTO_GLOBAL-METADATA_DAT_32F9D,"残留英文：ID, ObjectCreationHandling, Replace"
review,translations_zh.csv,4962,CSV 英文残留,AUTO_GLOBAL-METADATA_DAT_335F5,"残留英文：URI, uriString, URI"
review,translations_zh.csv,4963,CSV 英文残留,AUTO_GLOBAL-METADATA_DAT_3385E,"残留英文：unsafeTypeForwarding, TypeForwardedFrom"
review,translations_zh.csv,4967,CSV 英文残留,AUTO_GLOBAL-METADATA_DAT_35210,"残留英文：ushort, MaxValue"
review,translations_zh.csv,5017,CSV 英文残留,AUTO_GLOBAL-METADATA_DAT_39AB8,"残留英文：ushort, MaxValue"
review,translations_zh.csv,5029,CSV 英文残留,AUTO_GLOBAL-METADATA_DAT_3A5C7,"残留英文：Burst, BurstCompile"
review,translations_zh.csv,5042,CSV 英文残留,AUTO_GLOBAL-METADATA_DAT_40215,"残留英文：DataColumn, DataTable, DataTable"
review,translations_zh.csv,5045,CSV 英文残留,AUTO_GLOBAL-METADATA_DAT_40D51,"残留英文：SetLength, Array, Resize, ListUtilities, SetLength, ref, IList, list, length"
review,translations_zh.csv,5057,CSV 英文残留,AUTO_GLOBAL-METADATA_DAT_41C25,"残留英文：CinemachineExtension, Cinemachine"
review,translations_zh.csv,5066,CSV 英文残留,AUTO_GLOBAL-METADATA_DAT_42821,"残留英文：CompareOption, Ordinal"
review,translations_zh.csv,5068,CSV 英文残留,AUTO_GLOBAL-METADATA_DAT_42AC3,"残留英文：ushort, MaxValue"
review,translations_zh.csv,5079,CSV 英文残留,AUTO_GLOBAL-METADATA_DAT_434C7,"残留英文：ushort, MaxValue"
review,translations_zh.csv,5113,CSV 英文残留,AUTO_GLOBAL-METADATA_DAT_463BD,"残留英文：XmlValidatingReader, EntityHandling"
review,translations_zh.csv,5119,CSV 英文残留,AUTO_GLOBAL-METADATA_DAT_4717F,"残留英文：Decal, DBuffer, MRT"
review,translations_zh.csv,5120,CSV 英文残留,AUTO_GLOBAL-METADATA_DAT_4720B,"残留英文：Decal, useGBuffer, MRT"
review,translations_zh.csv,5128,CSV 英文残留,AUTO_GLOBAL-METADATA_DAT_479B1,"残留英文：cinder, streak"
review,translations_zh.csv,5149,CSV 英文残留,AUTO_GLOBAL-METADATA_DAT_49A81,"残留英文：block, substitution'"
review,translations_zh.csv,5166,CSV 英文残留,AUTO_GLOBAL-METADATA_DAT_4BCF6,"残留英文：EventSystem, SRDebugger, SRDebugger"
review,translations_zh.csv,5185,CSV 英文残留,AUTO_GLOBAL-METADATA_DAT_4E76B,"残留英文：TypedReferences, init"
review,translations_zh.csv,5193,CSV 英文残留,AUTO_GLOBAL-METADATA_DAT_4F186,"残留英文：XML, DTD, DTD, XmlReaderSettings, DtdProcessing, Parse, XmlReader, Create"
review,translations_zh.csv,5209,CSV 英文残留,AUTO_GLOBAL-METADATA_DAT_5063B,"残留英文：GetRenderPassEventRange, RenderPassEvent, renderPassEvent"
review,translations_zh.csv,5234,CSV 英文残留,AUTO_GLOBAL-METADATA_DAT_5290A,"残留英文：XmlSchemaAttribute, ValidateElement"
review,translations_zh.csv,5235,CSV 英文残留,AUTO_GLOBAL-METADATA_DAT_52970,"残留英文：XmlSchemaElement, XmlSchemaType, ValidateAttribute"
review,translations_zh.csv,5241,CSV 英文残留,AUTO_GLOBAL-METADATA_DAT_534CD,"残留英文：DrawSettings, maxShaderPasses"
review,translations_zh.csv,5253,CSV 英文残留,AUTO_GLOBAL-METADATA_DAT_561BC,"残留英文：xD, xDBFF"
review,translations_zh.csv,5255,CSV 英文残留,AUTO_GLOBAL-METADATA_DAT_562EB,"残留英文：MonoTlsSettings, CertificateSearchPaths"
review,translations_zh.csv,5275,CSV 英文残留,AUTO_GLOBAL-METADATA_DAT_59318,"残留英文：Type, ContainsGenericParameters, true"
review,translations_zh.csv,5276,CSV 英文残留,AUTO_GLOBAL-METADATA_DAT_59388,"残留英文：ContainsGenericParameters, true"
review,translations_zh.csv,5290,CSV 英文残留,AUTO_GLOBAL-METADATA_DAT_5A5CC,"残留英文：MONO, TailContraction"
review,translations_zh.csv,5292,CSV 英文残留,AUTO_GLOBAL-METADATA_DAT_5A903,"残留英文：XML, ConformanceLevel, ConformanceLevel, Fragment, ConformanceLevel, Auto"
review,translations_zh.csv,5302,CSV 英文残留,AUTO_GLOBAL-METADATA_DAT_5B105,"残留英文：sizeof, TValue"
review,translations_zh.csv,5303,CSV 英文残留,AUTO_GLOBAL-METADATA_DAT_5B1DC,"残留英文：MaxLength, MaxLength"
review,translations_zh.csv,5305,CSV 英文残留,AUTO_GLOBAL-METADATA_DAT_5B560,"残留英文：block, restriction', extension'"
review,translations_zh.csv,5306,CSV 英文残留,AUTO_GLOBAL-METADATA_DAT_5B6A1,"残留英文：ISerialized, MemberInfo"
review,translations_zh.csv,5318,CSV 英文残留,AUTO_GLOBAL-METADATA_DAT_5C199,"残留英文：Range, Min, max"
review,translations_zh.csv,5326,CSV 英文残留,AUTO_GLOBAL-METADATA_DAT_5DAF1,"残留英文：NOTATION, NOTATION"
review,translations_zh.csv,5338,CSV 英文残留,AUTO_GLOBAL-METADATA_DAT_5FB54,"残留英文：TextGenerator, Null, TextInfo"
review,translations_zh.csv,5357,CSV 英文残留,AUTO_GLOBAL-METADATA_DAT_625A8,"残留英文：RectTransform, parent, SetParent, worldPositionStays, false"
review,translations_zh.csv,5358,CSV 英文残留,AUTO_GLOBAL-METADATA_DAT_62A10,"残留英文：Camera, allCamerasCount"
review,translations_zh.csv,5371,CSV 英文残留,AUTO_GLOBAL-METADATA_DAT_63122,"残留英文：PlayerInput, camera"
review,translations_zh.csv,5379,CSV 英文残留,AUTO_GLOBAL-METADATA_DAT_64090,"残留英文：ushort, MaxValue"
review,translations_zh.csv,5387,CSV 英文残留,AUTO_GLOBAL-METADATA_DAT_64885,"残留英文：Vector, endValue"
review,translations_zh.csv,5391,CSV 英文残留,AUTO_GLOBAL-METADATA_DAT_64B95,"残留英文：MSAA, RTHandle, enableRandomWrite, true, MSAA, RT"
review,translations_zh.csv,5400,CSV 英文残留,AUTO_GLOBAL-METADATA_DAT_65F9F,"残留英文：RenderObjects, pass"
review,translations_zh.csv,5416,CSV 英文残留,AUTO_GLOBAL-METADATA_DAT_66BFF,"残留英文：Re, throw, Catch"
review,translations_zh.csv,5437,CSV 英文残留,AUTO_GLOBAL-METADATA_DAT_6904B,"残留英文：SetPixelData, sourceDataStartIndex"
review,translations_zh.csv,5475,CSV 英文残留,AUTO_GLOBAL-METADATA_DAT_6B3CA,"残留英文：null, null"
review,translations_zh.csv,5483,CSV 英文残留,AUTO_GLOBAL-METADATA_DAT_6D7DB,"残留英文：TKey, item, Key, null"
review,translations_zh.csv,5493,CSV 英文残留,AUTO_GLOBAL-METADATA_DAT_6EB19,"残留英文：EndValidation, ValidateElement, ValidateEndElement"
review,translations_zh.csv,5504,CSV 英文残留,AUTO_GLOBAL-METADATA_DAT_6F572,"残留英文：AdjustmentRule, null"
review,translations_zh.csv,5506,CSV 英文残留,AUTO_GLOBAL-METADATA_DAT_6F814,"残留英文：DateTimeStyles, RoundtripKind, AssumeLocal, AssumeUniversal, AdjustToUniversal"
review,translations_zh.csv,5507,CSV 英文残留,AUTO_GLOBAL-METADATA_DAT_6F88C,"残留英文：DateTimeStyles, AssumeLocal, AssumeUniversal"
review,translations_zh.csv,5512,CSV 英文残留,AUTO_GLOBAL-METADATA_DAT_6FD67,"残留英文：ID, ID"
review,translations_zh.csv,5516,CSV 英文残留,AUTO_GLOBAL-METADATA_DAT_706DA,"残留英文：Process, UseShellExecute, false"
review,translations_zh.csv,5530,CSV 英文残留,AUTO_GLOBAL-METADATA_DAT_72F27,"残留英文：Any, Any, NSSubset"
review,translations_zh.csv,5531,CSV 英文残留,AUTO_GLOBAL-METADATA_DAT_73064,"残留英文：Toggle, GameObject"
review,translations_zh.csv,5534,CSV 英文残留,AUTO_GLOBAL-METADATA_DAT_731C1,"残留英文：Toggle, GameObject, RectTransform"
review,translations_zh.csv,5535,CSV 英文残留,AUTO_GLOBAL-METADATA_DAT_73245,"残留英文：GameObject, Toggle"
review,translations_zh.csv,5547,CSV 英文残留,AUTO_GLOBAL-METADATA_DAT_748B4,"残留英文：ACE, xn--"
review,translations_zh.csv,5551,CSV 英文残留,AUTO_GLOBAL-METADATA_DAT_751E2,"残留英文：DataTable, DataSet"
review,translations_zh.csv,5552,CSV 英文残留,AUTO_GLOBAL-METADATA_DAT_75A61,"残留英文：Elt, Any, NSCompat, Rule"
review,translations_zh.csv,5561,CSV 英文残留,AUTO_GLOBAL-METADATA_DAT_77001,"残留英文：XmlSchemaInclude, XmlSchemaImport, XmlSchemaRedefine"
review,translations_zh.csv,5569,CSV 英文残留,AUTO_GLOBAL-METADATA_DAT_78144,"残留英文：DateTime, TimeOfDay"
review,translations_zh.csv,5570,CSV 英文残留,AUTO_GLOBAL-METADATA_DAT_78248,"残留英文：DateTime, Year, Month, Day"
review,translations_zh.csv,5581,CSV 英文残留,AUTO_GLOBAL-METADATA_DAT_79C2C,"残留英文：minExclusive, maxExclusive"
review,translations_zh.csv,5582,CSV 英文残留,AUTO_GLOBAL-METADATA_DAT_79CA8,"残留英文：minExclusive, maxInclusive"
review,translations_zh.csv,5583,CSV 英文残留,AUTO_GLOBAL-METADATA_DAT_79D24,"残留英文：minInclusive, maxExclusive"
review,translations_zh.csv,5584,CSV 英文残留,AUTO_GLOBAL-METADATA_DAT_79DA0,"残留英文：minInclusive, maxInclusive"
review,translations_zh.csv,5585,CSV 英文残留,AUTO_GLOBAL-METADATA_DAT_79E53,"残留英文：list, union"
review,translations_zh.csv,5586,CSV 英文残留,AUTO_GLOBAL-METADATA_DAT_79F45,"残留英文：substitution, list, union, complexType"
review,translations_zh.csv,5587,CSV 英文残留,AUTO_GLOBAL-METADATA_DAT_7A1F4,"残留英文：xsi, type"
review,translations_zh.csv,5589,CSV 英文残留,AUTO_GLOBAL-METADATA_DAT_7A709,"残留英文：Unicode, Unicode"
review,translations_zh.csv,5597,CSV 英文残留,AUTO_GLOBAL-METADATA_DAT_7B7E5,"残留英文：SortedList, SortedList"
review,translations_zh.csv,5614,CSV 英文残留,AUTO_GLOBAL-METADATA_DAT_7D04B,"残留英文：TransferEncoding, SendChunked, true"
review,translations_zh.csv,5630,CSV 英文残留,AUTO_GLOBAL-METADATA_DAT_7E514,"残留英文：ISerialized, ISerialized, ISerialized"
review,translations_zh.csv,5631,CSV 英文残留,AUTO_GLOBAL-METADATA_DAT_7E5D3,"残留英文：ISerialized, ISerialized, ISerialized"
review,translations_zh.csv,5642,CSV 英文残留,AUTO_GLOBAL-METADATA_DAT_82086,"残留英文：UnityWebRequest, URL"
review,translations_zh.csv,5658,CSV 英文残留,AUTO_GLOBAL-METADATA_DAT_835C4,"残留英文：UseDebugCamera, EnableWorldSpaceMode"
review,translations_zh.csv,5667,CSV 英文残留,AUTO_GLOBAL-METADATA_DAT_848C3,"残留英文：VisualElement, elementPanel"
review,translations_zh.csv,5668,CSV 英文残留,AUTO_GLOBAL-METADATA_DAT_84903,"残留英文：VisualElement, elementPanel"
review,translations_zh.csv,5669,CSV 英文残留,AUTO_GLOBAL-METADATA_DAT_84996,"残留英文：generateVisualContent, VisualElements"
review,translations_zh.csv,5672,CSV 英文残留,AUTO_GLOBAL-METADATA_DAT_84B47,"残留英文：generateVisualContent, VisualElements"
review,translations_zh.csv,5673,CSV 英文残留,AUTO_GLOBAL-METADATA_DAT_84BD3,"残留英文：VisualElements, generateVisualContent"
review,translations_zh.csv,5674,CSV 英文残留,AUTO_GLOBAL-METADATA_DAT_84C6D,"残留英文：VisualElements, generateVisualContent"
review,translations_zh.csv,5675,CSV 英文残留,AUTO_GLOBAL-METADATA_DAT_84D05,"残留英文：VisualElements, generateVisualContent"
review,translations_zh.csv,5676,CSV 英文残留,AUTO_GLOBAL-METADATA_DAT_84D96,"残留英文：generateVisualContent, VisualElements"
review,translations_zh.csv,5677,CSV 英文残留,AUTO_GLOBAL-METADATA_DAT_84E31,"残留英文：generateVisualContent, VisualElements, ID"
review,translations_zh.csv,5678,CSV 英文残留,AUTO_GLOBAL-METADATA_DAT_85123,"残留英文：URP, Strip, Debug, Variants"
review,translations_zh.csv,5686,CSV 英文残留,AUTO_GLOBAL-METADATA_DAT_862E7,"残留英文：ConformanceLevel, Fragment, WriteStartDocument"
review,translations_zh.csv,5688,CSV 原译文相同,AUTO_GLOBAL-METADATA_DAT_8668C,X
review,translations_zh.csv,5704,CSV 英文残留,AUTO_GLOBAL-METADATA_DAT_885B9,"残留英文：SRDebugger, OptionsTab"
review,translations_zh.csv,5705,CSV 英文残留,AUTO_GLOBAL-METADATA_DAT_8862E,"残留英文：SRDebugger, Options"
review,translations_zh.csv,5706,CSV 英文残留,AUTO_GLOBAL-METADATA_DAT_88660,"残留英文：SRDebugger, Options"
review,translations_zh.csv,5708,CSV 英文残留,AUTO_GLOBAL-METADATA_DAT_88D26,"残留英文：Steamworks, NET, RestartAppIfNecessary, true"
review,translations_zh.csv,5752,CSV 英文残留,AUTO_GLOBAL-METADATA_DAT_8FB27,"残留英文：endIndex, startIndex"
review,translations_zh.csv,5759,CSV 英文残留,AUTO_GLOBAL-METADATA_DAT_8FF3C,"残留英文：catch, finally"
review,translations_zh.csv,5795,CSV 英文残留,AUTO_GLOBAL-METADATA_DAT_92F93,"残留英文：minOccurs, maxOccurs"
review,translations_zh.csv,5851,CSV 英文残留,AUTO_GLOBAL-METADATA_DAT_A64F3,"残留英文：SetObjectData, null"
